,OR,Lower .95,upper .95,P
Survival_80subjects_no_weight,1.16544005002933,0.959481533640185,1.41560880808127,0.122812346132851
METASTASIS_80subjects_no_weight,1.11304964248214,0.908666703129853,1.36340365764738,0.300811804564427
Survival_80subjects_weight,1.18338227795859,0.997999936153906,1.40320010558647,0.052753525554281
METASTASIS_80subjects_weight,1.12190804398829,0.921939006628045,1.36525046680603,0.250767129432598
Survival_48subjects_no_weight,1.77140115052138,1.16409032820828,2.69554858418775,0.00760118705519086
METASTASIS_48subjects_no_weight,1.44400442977241,0.952741948339595,2.18857666216574,0.0833119465980966
Survival_48subjects_weight,1.77342945539576,1.19595452588992,2.62974215589428,0.00436923621657692
METASTASIS_48subjects_weight,1.44413758463067,0.926928561684031,2.24993969282157,0.104258527545841
